{"root":[{"assemblyName":"Assembly-CSharp","nameSpace":"","className":"RollbackGizmos","methodName":"OnLoad","loadTypes":1,"isUnityClass":false},{"assemblyName":"Assembly-CSharp","nameSpace":"","className":"Player","methodName":"OnLoad","loadTypes":1,"isUnityClass":false},{"assemblyName":"Assembly-CSharp","nameSpace":"","className":"SpawnPoint","methodName":"OnLoad","loadTypes":1,"isUnityClass":false},{"assemblyName":"Assembly-CSharp","nameSpace":"","className":"App","methodName":"Bootstrap","loadTypes":1,"isUnityClass":false},{"assemblyName":"Assembly-CSharp","nameSpace":"Tobo.Net","className":"NetObject","methodName":"OnLoad","loadTypes":1,"isUnityClass":false},{"assemblyName":"Tobo.DevConsole","nameSpace":"Tobo.DevConsole","className":"ConCommand","methodName":"OnLoad","loadTypes":1,"isUnityClass":false},{"assemblyName":"Tobo.DevConsole","nameSpace":"Tobo.DevConsole","className":"ConVar","methodName":"OnLoad","loadTypes":1,"isUnityClass":false},{"assemblyName":"Tobo.DevConsole","nameSpace":"Tobo.DevConsole","className":"DefaultCommands","methodName":"OnLoad","loadTypes":1,"isUnityClass":false},{"assemblyName":"Tobo.Net","nameSpace":"Tobo.Net","className":"Client","methodName":"OnLoad","loadTypes":1,"isUnityClass":false},{"assemblyName":"Tobo.Net","nameSpace":"Tobo.Net","className":"S_Client","methodName":"OnLoad","loadTypes":1,"isUnityClass":false},{"assemblyName":"Tobo.Net","nameSpace":"Tobo.Net","className":"Packet","methodName":"OnLoad","loadTypes":1,"isUnityClass":false},{"assemblyName":"Tobo.Net","nameSpace":"Tobo.Net","className":"NetworkManager","methodName":"OnLoad","loadTypes":1,"isUnityClass":false},{"assemblyName":"Tobo.Net","nameSpace":"Tobo.Net","className":"PacketRegister","methodName":"OnLoad","loadTypes":1,"isUnityClass":false},{"assemblyName":"Tobo.Net","nameSpace":"Tobo.Net","className":"SteamManager","methodName":"OnLoad","loadTypes":1,"isUnityClass":false},{"assemblyName":"Tobo.Net","nameSpace":"Tobo.Net","className":"SteamNetServer","methodName":"OnLoad","loadTypes":1,"isUnityClass":false},{"assemblyName":"Tobo.Net","nameSpace":"Tobo.Net","className":"TickManager","methodName":"OnLoad","loadTypes":1,"isUnityClass":false},{"assemblyName":"Unity.Burst","nameSpace":"","className":"$BurstDirectCallInitializer","methodName":"Initialize","loadTypes":2,"isUnityClass":true},{"assemblyName":"Unity.Collections","nameSpace":"","className":"__JobReflectionRegistrationOutput__1652832624114795843","methodName":"EarlyInit","loadTypes":2,"isUnityClass":true},{"assemblyName":"Unity.Collections","nameSpace":"","className":"$BurstDirectCallInitializer","methodName":"Initialize","loadTypes":2,"isUnityClass":true},{"assemblyName":"Unity.InputSystem","nameSpace":"UnityEngine.InputSystem","className":"InputSystem","methodName":"RunInitializeInPlayer","loadTypes":4,"isUnityClass":true},{"assemblyName":"Unity.InputSystem","nameSpace":"UnityEngine.InputSystem","className":"InputSystem","methodName":"RunInitialUpdate","loadTypes":1,"isUnityClass":true},{"assemblyName":"Unity.InputSystem","nameSpace":"UnityEngine.InputSystem.UI","className":"InputSystemUIInputModule","methodName":"ResetDefaultActions","loadTypes":4,"isUnityClass":true},{"assemblyName":"Unity.InputSystem.ForUI","nameSpace":"UnityEngine.InputSystem.Plugins.InputForUI","className":"InputSystemProvider","methodName":"Bootstrap","loadTypes":4,"isUnityClass":true},{"assemblyName":"Unity.Multiplayer.Playmode","nameSpace":"Unity.Multiplayer.Playmode","className":"CurrentPlayer","methodName":"ReloadLatestTagsOnEnterPlaymode","loadTypes":4,"isUnityClass":true},{"assemblyName":"Unity.Rendering.LightTransport.Runtime","nameSpace":"","className":"__JobReflectionRegistrationOutput__16164947281921951637","methodName":"EarlyInit","loadTypes":2,"isUnityClass":true},{"assemblyName":"Unity.RenderPipelines.Core.Runtime","nameSpace":"UnityEngine.Experimental.Rendering","className":"XRSystem","methodName":"XRSystemInit","loadTypes":3,"isUnityClass":true},{"assemblyName":"Unity.RenderPipelines.Core.Runtime","nameSpace":"UnityEngine.Rendering","className":"DebugUpdater","methodName":"RuntimeInit","loadTypes":0,"isUnityClass":true},{"assemblyName":"Unity.RenderPipelines.GPUDriven.Runtime","nameSpace":"","className":"__JobReflectionRegistrationOutput__15867191014387474753","methodName":"EarlyInit","loadTypes":2,"isUnityClass":true},{"assemblyName":"Unity.RenderPipelines.GPUDriven.Runtime","nameSpace":"","className":"$BurstDirectCallInitializer","methodName":"Initialize","loadTypes":2,"isUnityClass":true},{"assemblyName":"Unity.RenderPipelines.Universal.2D.Runtime","nameSpace":"","className":"$BurstDirectCallInitializer","methodName":"Initialize","loadTypes":2,"isUnityClass":true}]}
