{
    "name": "Hall",
    "id": "tile.hall.3hall",
    "description": "",
    "image": "tile\\hall\\3hall.png",
    "type": "hall",
    "count": 3,
    "tags": [],
    "info": {
        "connections": [
            {
                "direction": "up",
                "type": "normal"
            },
            {
                "direction": "right",
                "type": "normal"
            },
            {
                "direction": "left",
                "type": "normal"
            }
        ]
    }
}